{
  "psnr": 361.15040538040637,
  "accuracy": 0.0,
  "ssim": 0.999999981679448
}